altitude	frequency
400	0
500	0
600	0.569877883311
700	0.257801899593
800	0.122116689281
900	0.0502035278155
1000	0
1100	0
1200	0
1300	0
