altitude	frequency
400	0
500	0
600	0
700	0
800	0.00990099009901
900	0.142857142857
1000	0.736916548798
1100	0.110325318246
1200	0
1300	0
