altitude	frequency
400	0
500	0
600	0
700	0
800	0.768674698795
900	0.231325301205
1000	0
1100	0
1200	0
1300	0
