altitude	frequency
400	0
500	0
600	0.0592485549133
700	0.940751445087
800	0
900	0
1000	0
1100	0
1200	0
1300	0
