altitude	frequency
400	0
500	0.917861799218
600	0.0808344198175
700	0
800	0.0013037809648
900	0
1000	0
1100	0
1200	0
1300	0
