altitude	frequency
400	0
500	0
600	0.635514018692
700	0.102803738318
800	0
900	0.0841121495327
1000	0.0841121495327
1100	0.0934579439252
1200	0
1300	0
