altitude	frequency
400	0
500	0
600	0
700	0.0738916256158
800	0.891625615764
900	0.0344827586207
1000	0
1100	0
1200	0
1300	0
