altitude	frequency
400	0
500	0
600	0
700	0
800	0
900	0
1000	0.000927643784787
1100	0.486085343228
1200	0.269944341373
1300	0.243042671614
