altitude	frequency
400	0
500	0.837837837838
600	0.162162162162
700	0
800	0
900	0
1000	0
1100	0
1200	0
1300	0
