altitude	frequency
400	0
500	0
600	0
700	0.98275862069
800	0.0172413793103
900	0
1000	0
1100	0
1200	0
1300	0
