altitude	frequency
400	0.997354497354
500	0.0026455026455
600	0
700	0
800	0
900	0
1000	0
1100	0
1200	0
1300	0
