altitude	frequency
400	0
500	0.182978723404
600	0.646808510638
700	0.170212765957
800	0
900	0
1000	0
1100	0
1200	0
1300	0
