altitude	frequency
400	0
500	0
600	0
700	0
800	0
900	0
1000	0.116883116883
1100	0.337662337662
1200	0.545454545455
1300	0
