altitude	frequency
400	0
500	0
600	0.863201094391
700	0
800	0.121751025992
900	0.00957592339261
1000	0.00547195622435
1100	0
1200	0
1300	0
