altitude	frequency
400	0
500	0.0295475530933
600	0.961218836565
700	0
800	0.00923361034164
900	0
1000	0
1100	0
1200	0
1300	0
