altitude	frequency
400	0
500	0
600	0
700	0
800	0
900	0
1000	0
1100	0
1200	0.440269749518
1300	0.559730250482
