altitude	frequency
400	0
500	0
600	0
700	0
800	0
900	0
1000	0
1100	0.25730994152
1200	0.140350877193
1300	0.602339181287
