altitude	frequency
400	0
500	0
600	0
700	0
800	0
900	0.493197278912
1000	0.506802721088
1100	0
1200	0
1300	0
