altitude	frequency
400	0
500	0
600	0.958993476235
700	0.0242311276794
800	0.0167753960857
900	0
1000	0
1100	0
1200	0
1300	0
