altitude	frequency
400	0
500	0
600	0.695890410959
700	0
800	0.104109589041
900	0.164383561644
1000	0.0356164383562
1100	0
1200	0
1300	0
