altitude	frequency
400	0
500	0
600	0
700	0
800	0
900	0
1000	0.328651685393
1100	0.592696629213
1200	0.0786516853933
1300	0
