altitude	frequency
400	0
500	0
600	0.26883910387
700	0.515274949084
800	0.215885947047
900	0
1000	0
1100	0
1200	0
1300	0
