altitude	frequency
400	0
500	0
600	0
700	0
800	0
900	0.449056603774
1000	0.483018867925
1100	0.0679245283019
1200	0
1300	0
