altitude	frequency
400	0
500	0
600	0
700	0
800	0.997150997151
900	0.002849002849
1000	0
1100	0
1200	0
1300	0
