altitude	frequency
400	0.989711934156
500	0.0102880658436
600	0
700	0
800	0
900	0
1000	0
1100	0
1200	0
1300	0
