altitude	frequency
400	0
500	0
600	0.985544217687
700	0.0144557823129
800	0
900	0
1000	0
1100	0
1200	0
1300	0
