altitude	frequency
400	0
500	0
600	0
700	0
800	0
900	0
1000	0.965517241379
1100	0.0344827586207
1200	0
1300	0
