altitude	frequency
400	0
500	0
600	0
700	0
800	0
900	0
1000	0
1100	0.399390243902
1200	0.600609756098
1300	0
