altitude	frequency
400	0
500	0
600	0
700	0.527817403709
800	0.332382310984
900	0.139800285307
1000	0
1100	0
1200	0
1300	0
