altitude	frequency
400	0
500	0
600	0.914893617021
700	0.0780141843972
800	0.00709219858156
900	0
1000	0
1100	0
1200	0
1300	0
