altitude	frequency
400	0
500	0
600	0
700	0
800	0
900	0.0106707317073
1000	0.147357723577
1100	0.841971544715
1200	0
1300	0
