altitude	frequency
400	0
500	0
600	0.0352941176471
700	0.905882352941
800	0.0588235294118
900	0
1000	0
1100	0
1200	0
1300	0
