altitude	frequency
400	0
500	0
600	0
700	0.416796267496
800	0.583203732504
900	0
1000	0
1100	0
1200	0
1300	0
