altitude	frequency
400	0
500	0
600	0.524625267666
700	0.327623126338
800	0.122055674518
900	0
1000	0.0256959314775
1100	0
1200	0
1300	0
