altitude	frequency
400	0
500	0
600	0.0355329949239
700	0.954314720812
800	0.010152284264
900	0
1000	0
1100	0
1200	0
1300	0
