altitude	frequency
400	0
500	0
600	0
700	0
800	0.00446428571429
900	0.120535714286
1000	0.834821428571
1100	0.0401785714286
1200	0
1300	0
