altitude	frequency
400	0
500	0.580357142857
600	0.419642857143
700	0
800	0
900	0
1000	0
1100	0
1200	0
1300	0
