altitude	frequency
400	0
500	0
600	0.672535211268
700	0.316901408451
800	0.0105633802817
900	0
1000	0
1100	0
1200	0
1300	0
