altitude	frequency
400	0
500	0
600	0.99861878453
700	0.00138121546961
800	0
900	0
1000	0
1100	0
1200	0
1300	0
