altitude	frequency
400	0
500	0
600	0
700	0
800	0
900	0.105714285714
1000	0.665714285714
1100	0.228571428571
1200	0
1300	0
