altitude	frequency
400	0
500	0
600	0
700	0
800	0.0126582278481
900	0.0253164556962
1000	0.0506329113924
1100	0.911392405063
1200	0
1300	0
