altitude	frequency
400	0
500	0
600	0
700	0
800	0.987261146497
900	0.0127388535032
1000	0
1100	0
1200	0
1300	0
