altitude	frequency
400	0
500	0
600	0
700	0.577933450088
800	0.402802101576
900	0.0192644483363
1000	0
1100	0
1200	0
1300	0
