altitude	frequency
400	0
500	0
600	0.951219512195
700	0.0487804878049
800	0
900	0
1000	0
1100	0
1200	0
1300	0
