altitude	frequency
400	0
500	0
600	0
700	0.541666666667
800	0.291666666667
900	0.166666666667
1000	0
1100	0
1200	0
1300	0
