altitude	frequency
400	0
500	0.0108401084011
600	0.10027100271
700	0.170731707317
800	0.574525745257
900	0.143631436314
1000	0
1100	0
1200	0
1300	0
