altitude	frequency
400	0
500	0
600	0
700	0
800	0.948275862069
900	0.0344827586207
1000	0.0172413793103
1100	0
1200	0
1300	0
