altitude	frequency
400	0
500	0
600	0.382352941176
700	0.617647058824
800	0
900	0
1000	0
1100	0
1200	0
1300	0
