altitude	frequency
400	0
500	0
600	0.990407673861
700	0.00959232613909
800	0
900	0
1000	0
1100	0
1200	0
1300	0
