altitude	frequency
400	0
500	0.0819234194123
600	0.121104185218
700	0.752448797863
800	0.0445235975067
900	0
1000	0
1100	0
1200	0
1300	0
