altitude	frequency
400	0
500	0
600	0
700	0
800	0
900	0
1000	0
1100	0.387596899225
1200	0.550387596899
1300	0.062015503876
