altitude	frequency
400	0
500	0
600	0
700	0.316742081448
800	0.126696832579
900	0.556561085973
1000	0
1100	0
1200	0
1300	0
