altitude	frequency
400	0.712041884817
500	0.287958115183
600	0
700	0
800	0
900	0
1000	0
1100	0
1200	0
1300	0
