altitude	frequency
400	0
500	0
600	0
700	0.981132075472
800	0.0188679245283
900	0
1000	0
1100	0
1200	0
1300	0
