vegetation	frequency
250	0
750	0
1250	0
1750	0.397459165154
2250	0.366606170599
2750	0.0562613430127
3250	0.005444646098
3750	0.00453720508167
4250	0.0453720508167
4750	0.057168784029
5250	0.0480943738657
5750	0.019056261343
6250	0
6750	0
7250	0
7750	0
8250	0
