vegetation	frequency
250	0
750	0.00246305418719
1250	0.0160098522167
1750	0.374384236453
2250	0.375615763547
2750	0.0689655172414
3250	0.0258620689655
3750	0.0135467980296
4250	0.057881773399
4750	0.051724137931
5250	0.0135467980296
5750	0
6250	0
6750	0
7250	0
7750	0
8250	0
