vegetation	frequency
250	0
750	0
1250	0
1750	0.390728476821
2250	0.430463576159
2750	0.165562913907
3250	0.0132450331126
3750	0
4250	0
4750	0
5250	0
5750	0
6250	0
6750	0
7250	0
7750	0
8250	0
