vegetation	frequency
250	0
750	0
1250	0
1750	0.080118694362
2250	0.681008902077
2750	0.218100890208
3250	0
3750	0
4250	0
4750	0.00296735905045
5250	0.00890207715134
5750	0.00593471810089
6250	0
6750	0
7250	0.00296735905045
7750	0
8250	0
