vegetation	frequency
250	0
750	0
1250	0.0647668393782
1750	0.362694300518
2250	0.435233160622
2750	0.0647668393782
3250	0.0155440414508
3750	0.0155440414508
4250	0.0181347150259
4750	0.00518134715026
5250	0.0181347150259
5750	0
6250	0
6750	0
7250	0
7750	0
8250	0
