vegetation	frequency
250	0.00354609929078
750	0.0124113475177
1250	0.0957446808511
1750	0.377659574468
2250	0.306737588652
2750	0.040780141844
3250	0.0833333333333
3750	0.0283687943262
4250	0.0514184397163
4750	0
5250	0
5750	0
6250	0
6750	0
7250	0
7750	0
8250	0
