vegetation	frequency
250	0
750	0
1250	0
1750	0.145110410095
2250	0.624605678233
2750	0.111987381703
3250	0
3750	0.00315457413249
4250	0.00788643533123
4750	0.0283911671924
5250	0.0615141955836
5750	0.0173501577287
6250	0
6750	0
7250	0
7750	0
8250	0
