vegetation	frequency
250	0
750	0.0130718954248
1250	0.0771241830065
1750	0.351633986928
2250	0.535947712418
2750	0.0183006535948
3250	0.00261437908497
3750	0.00130718954248
4250	0
4750	0
5250	0
5750	0
6250	0
6750	0
7250	0
7750	0
8250	0
