vegetation	frequency
250	0
750	0
1250	0
1750	0.555670103093
2250	0.29175257732
2750	0.040206185567
3250	0.059793814433
3750	0.0154639175258
4250	0.0226804123711
4750	0.0144329896907
5250	0
5750	0
6250	0
6750	0
7250	0
7750	0
8250	0
