vegetation	frequency
250	0
750	0
1250	0
1750	0.256011315417
2250	0.550212164074
2750	0.0777934936351
3250	0.021216407355
3750	0.00565770862801
4250	0
4750	0.0622347949081
5250	0.025459688826
5750	0.001414427157
6250	0
6750	0
7250	0
7750	0
8250	0
