vegetation	frequency
250	0
750	0
1250	0.17668161435
1750	0.495964125561
2250	0.137219730942
2750	0.0932735426009
3250	0.0690582959641
3750	0.0242152466368
4250	0.00358744394619
4750	0
5250	0
5750	0
6250	0
6750	0
7250	0
7750	0
8250	0
