vegetation	frequency
250	0
750	0
1250	0
1750	0.270142180095
2250	0.649289099526
2750	0.0675355450237
3250	0.0130331753555
3750	0
4250	0
4750	0
5250	0
5750	0
6250	0
6750	0
7250	0
7750	0
8250	0
