vegetation	frequency
250	0
750	0
1250	0
1750	0.0274725274725
2250	0.538461538462
2750	0.153846153846
3250	0
3750	0.192307692308
4250	0.0879120879121
4750	0
5250	0
5750	0
6250	0
6750	0
7250	0
7750	0
8250	0
