vegetation	frequency
250	0
750	0
1250	0
1750	0.136176066025
2250	0.625859697387
2750	0.132049518569
3250	0.0233837689133
3750	0.0398899587345
4250	0.0206327372765
4750	0.0220082530949
5250	0
5750	0
6250	0
6750	0
7250	0
7750	0
8250	0
