vegetation	frequency
250	0
750	0
1250	0.0273556231003
1750	0.09726443769
2250	0.303951367781
2750	0.313069908815
3250	0.063829787234
3750	0
4250	0
4750	0.19452887538
5250	0
5750	0
6250	0
6750	0
7250	0
7750	0
8250	0
