vegetation	frequency
250	0
750	0
1250	0
1750	0.229508196721
2250	0.491803278689
2750	0.180327868852
3250	0.0983606557377
3750	0
4250	0
4750	0
5250	0
5750	0
6250	0
6750	0
7250	0
7750	0
8250	0
