vegetation	frequency
250	0
750	0
1250	0
1750	0.554285714286
2250	0.211428571429
2750	0.00285714285714
3250	0.0485714285714
3750	0.0685714285714
4250	0.111428571429
4750	0.00285714285714
5250	0
5750	0
6250	0
6750	0
7250	0
7750	0
8250	0
