vegetation	frequency
250	0
750	0
1250	0
1750	0.167517006803
2250	0.585034013605
2750	0.0714285714286
3250	0.00255102040816
3750	0.0127551020408
4250	0.0595238095238
4750	0.0578231292517
5250	0.0348639455782
5750	0.00850340136054
6250	0
6750	0
7250	0
7750	0
8250	0
