vegetation	frequency
250	0
750	0.00387596899225
1250	0
1750	0.317829457364
2250	0.441860465116
2750	0.0387596899225
3250	0.0193798449612
3750	0.0077519379845
4250	0.046511627907
4750	0.077519379845
5250	0.0232558139535
5750	0.015503875969
6250	0.0077519379845
6750	0
7250	0
7750	0
8250	0
