vegetation	frequency
250	0
750	0
1250	0
1750	0.172557172557
2250	0.532224532225
2750	0.268191268191
3250	0.024948024948
3750	0.002079002079
4250	0
4750	0
5250	0
5750	0
6250	0
6750	0
7250	0
7750	0
8250	0
