vegetation	frequency
250	0
750	0
1250	0
1750	0.433962264151
2250	0.382907880133
2750	0.0321864594895
3250	0.0122086570477
3750	0.0599334073252
4250	0.0665926748058
4750	0.00998890122087
5250	0.00221975582686
5750	0
6250	0
6750	0
7250	0
7750	0
8250	0
