vegetation	frequency
250	0
750	0
1250	0
1750	0.331395348837
2250	0.476744186047
2750	0.00581395348837
3250	0.0872093023256
3750	0.093023255814
4250	0.00581395348837
4750	0
5250	0
5750	0
6250	0
6750	0
7250	0
7750	0
8250	0
