vegetation	frequency
250	0
750	0
1250	0
1750	0.153398058252
2250	0.719417475728
2750	0.0776699029126
3250	0.00679611650485
3750	0.000970873786408
4250	0.021359223301
4750	0.0203883495146
5250	0
5750	0
6250	0
6750	0
7250	0
7750	0
8250	0
