vegetation	frequency
250	0
750	0
1250	0
1750	0.651226158038
2250	0.117166212534
2750	0
3250	0
3750	0
4250	0.0708446866485
4750	0.152588555858
5250	0.00817438692098
5750	0
6250	0
6750	0
7250	0
7750	0
8250	0
