vegetation	frequency
250	0.0126582278481
750	0
1250	0.0759493670886
1750	0.223628691983
2250	0.240506329114
2750	0.198312236287
3250	0.139240506329
3750	0.0801687763713
4250	0.0295358649789
4750	0
5250	0
5750	0
6250	0
6750	0
7250	0
7750	0
8250	0
