vegetation	frequency
250	0
750	0
1250	0
1750	0.0802675585284
2250	0.785953177258
2750	0.100334448161
3250	0.0334448160535
3750	0
4250	0
4750	0
5250	0
5750	0
6250	0
6750	0
7250	0
7750	0
8250	0
