vegetation	frequency
250	0
750	0
1250	0.00700525394046
1750	0.474605954466
2250	0.357267950963
2750	0.141856392294
3250	0.0192644483363
3750	0
4250	0
4750	0
5250	0
5750	0
6250	0
6750	0
7250	0
7750	0
8250	0
