vegetation	frequency
250	0
750	0
1250	0
1750	0.569892473118
2250	0.138248847926
2750	0.010752688172
3250	0.101382488479
3750	0.0937019969278
4250	0.0860215053763
4750	0
5250	0
5750	0
6250	0
6750	0
7250	0
7750	0
8250	0
