vegetation	frequency
250	0
750	0
1250	0.0153374233129
1750	0.251533742331
2250	0.444785276074
2750	0.276073619632
3250	0.0122699386503
3750	0
4250	0
4750	0
5250	0
5750	0
6250	0
6750	0
7250	0
7750	0
8250	0
