vegetation	frequency
250	0
750	0
1250	0.000582750582751
1750	0.0594405594406
2250	0.634615384615
2750	0.128787878788
3250	0.00291375291375
3750	0.0431235431235
4250	0.0815850815851
4750	0.0384615384615
5250	0.00757575757576
5750	0.00291375291375
6250	0
6750	0
7250	0
7750	0
8250	0
