vegetation	frequency
250	0
750	0
1250	0
1750	0.0818094321463
2250	0.720885466795
2750	0.0250240615977
3250	0.0230991337825
3750	0.0625601539942
4250	0.0471607314726
4750	0.0394610202117
5250	0
5750	0
6250	0
6750	0
7250	0
7750	0
8250	0
