vegetation	frequency
250	0
750	0
1250	0
1750	0.0119956379498
2250	0.628135223555
2750	0.334787350055
3250	0.0141766630316
3750	0.00218102508179
4250	0.00763358778626
4750	0
5250	0
5750	0.00109051254089
6250	0
6750	0
7250	0
7750	0
8250	0
