vegetation	frequency
250	0
750	0.0174966352624
1250	0.0820995962315
1750	0.335127860027
2250	0.35935397039
2750	0.043068640646
3250	0.0336473755047
3750	0.0847913862719
4250	0.0403768506057
4750	0.00403768506057
5250	0
5750	0
6250	0
6750	0
7250	0
7750	0
8250	0
