vegetation	frequency
250	0
750	0
1250	0.00892857142857
1750	0.147321428571
2250	0.517857142857
2750	0.254464285714
3250	0.0714285714286
3750	0
4250	0
4750	0
5250	0
5750	0
6250	0
6750	0
7250	0
7750	0
8250	0
