vegetation	frequency
250	0
750	0
1250	0
1750	0.524765729585
2250	0.420348058902
2750	0.0174029451138
3250	0.00803212851406
3750	0.00669344042838
4250	0.0227576974565
4750	0
5250	0
5750	0
6250	0
6750	0
7250	0
7750	0
8250	0
