vegetation	frequency
250	0
750	0
1250	0
1750	0.124487004104
2250	0.586867305062
2750	0.146374829001
3250	0.0205198358413
3750	0.0547195622435
4250	0.0396716826265
4750	0.00957592339261
5250	0.0177838577291
5750	0
6250	0
6750	0
7250	0
7750	0
8250	0
