vegetation	frequency
250	0
750	0
1250	0
1750	0.276811594203
2250	0.327536231884
2750	0.317391304348
3250	0.0739130434783
3750	0.00434782608696
4250	0
4750	0
5250	0
5750	0
6250	0
6750	0
7250	0
7750	0
8250	0
