vegetation	frequency
250	0
750	0.00625978090767
1250	0.0663536776213
1750	0.833802816901
2250	0.0773082942097
2750	0.00219092331768
3250	0.0115805946792
3750	0.00250391236307
4250	0
4750	0
5250	0
5750	0
6250	0
6750	0
7250	0
7750	0
8250	0
