vegetation	frequency
250	0
750	0
1250	0
1750	0.198113207547
2250	0.522641509434
2750	0.0981132075472
3250	0.0320754716981
3750	0.0320754716981
4250	0.077358490566
4750	0.0396226415094
5250	0
5750	0
6250	0
6750	0
7250	0
7750	0
8250	0
