vegetation	frequency
250	0
750	0
1250	0.00152905198777
1750	0.577981651376
2250	0.295107033639
2750	0.0718654434251
3250	0.0366972477064
3750	0.0168195718654
4250	0
4750	0
5250	0
5750	0
6250	0
6750	0
7250	0
7750	0
8250	0
