vegetation	frequency
250	0
750	0
1250	0
1750	0.164948453608
2250	0.453608247423
2750	0.134020618557
3250	0.226804123711
3750	0.020618556701
4250	0
4750	0
5250	0
5750	0
6250	0
6750	0
7250	0
7750	0
8250	0
