vegetation	frequency
250	0
750	0
1250	0
1750	0.120567375887
2250	0.446808510638
2750	0.312056737589
3250	0.106382978723
3750	0.0141843971631
4250	0
4750	0
5250	0
5750	0
6250	0
6750	0
7250	0
7750	0
8250	0
