vegetation	frequency
250	0
750	0
1250	0
1750	0.010989010989
2250	0.626373626374
2750	0.120879120879
3250	0.0659340659341
3750	0.153846153846
4250	0.021978021978
4750	0
5250	0
5750	0
6250	0
6750	0
7250	0
7750	0
8250	0
