vegetation	frequency
250	0
750	0
1250	0
1750	0.0810276679842
2250	0.798418972332
2750	0.096837944664
3250	0.0138339920949
3750	0.0098814229249
4250	0
4750	0
5250	0
5750	0
6250	0
6750	0
7250	0
7750	0
8250	0
