vegetation	frequency
250	0
750	0.00255754475703
1250	0
1750	0.519181585678
2250	0.184143222506
2750	0.0588235294118
3250	0.0613810741688
3750	0.0460358056266
4250	0.104859335038
4750	0.0230179028133
5250	0
5750	0
6250	0
6750	0
7250	0
7750	0
8250	0
