vegetation	frequency
250	0
750	0
1250	0.00751879699248
1750	0.640601503759
2250	0.336842105263
2750	0.0135338345865
3250	0.0015037593985
3750	0
4250	0
4750	0
5250	0
5750	0
6250	0
6750	0
7250	0
7750	0
8250	0
