vegetation	frequency
250	0
750	0
1250	0
1750	0.219365895458
2250	0.537275064267
2750	0.0736932305056
3250	0.0214224507284
3750	0.0282776349614
4250	0.0531276778063
4750	0.044558697515
5250	0.018851756641
5750	0.00342759211654
6250	0
6750	0
7250	0
7750	0
8250	0
