vegetation	frequency
250	0
750	0
1250	0
1750	0.00559179869525
2250	0.642124883504
2750	0.324324324324
3250	0.0214352283318
3750	0.00652376514445
4250	0
4750	0
5250	0
5750	0
6250	0
6750	0
7250	0
7750	0
8250	0
