vegetation	frequency
250	0
750	0
1250	0
1750	0.00510855683269
2250	0.642401021711
2750	0.176245210728
3250	0.0280970625798
3750	0.0498084291188
4250	0.0983397190294
4750	0
5250	0
5750	0
6250	0
6750	0
7250	0
7750	0
8250	0
