vegetation	frequency
250	0
750	0
1250	0.00271739130435
1750	0.559782608696
2250	0.26902173913
2750	0.0108695652174
3250	0.0461956521739
3750	0.0489130434783
4250	0.054347826087
4750	0.00815217391304
5250	0
5750	0
6250	0
6750	0
7250	0
7750	0
8250	0
