vegetation	frequency
250	0
750	0
1250	0
1750	0.259433962264
2250	0.514150943396
2750	0.158018867925
3250	0.00471698113208
3750	0.00471698113208
4250	0.0283018867925
4750	0.0259433962264
5250	0.00471698113208
5750	0
6250	0
6750	0
7250	0
7750	0
8250	0
