vegetation	frequency
250	0
750	0
1250	0
1750	0.269938650307
2250	0.472392638037
2750	0
3250	0.00306748466258
3750	0.0306748466258
4250	0.187116564417
4750	0.0368098159509
5250	0
5750	0
6250	0
6750	0
7250	0
7750	0
8250	0
