vegetation	frequency
250	0
750	0
1250	0
1750	0.493434692467
2250	0.364201796821
2750	0.00414651002073
3250	0.0628887353144
3750	0.0511402902557
4250	0.0193503800968
4750	0.00483759502419
5250	0
5750	0
6250	0
6750	0
7250	0
7750	0
8250	0
