vegetation	frequency
250	0
750	0
1250	0.00123001230012
1750	0.691266912669
2250	0.305043050431
2750	0
3250	0
3750	0.00246002460025
4250	0
4750	0
5250	0
5750	0
6250	0
6750	0
7250	0
7750	0
8250	0
