vegetation	frequency
250	0
750	0
1250	0
1750	0.144628099174
2250	0.648760330579
2750	0.0123966942149
3250	0
3750	0.099173553719
4250	0.0619834710744
4750	0.0289256198347
5250	0.00413223140496
5750	0
6250	0
6750	0
7250	0
7750	0
8250	0
