vegetation	frequency
250	0
750	0
1250	0.00481540930979
1750	0.118780096308
2250	0.666131621188
2750	0.0304975922953
3250	0.0449438202247
3750	0.0321027287319
4250	0.0433386837881
4750	0.0321027287319
5250	0.016051364366
5750	0.0112359550562
6250	0
6750	0
7250	0
7750	0
8250	0
