vegetation	frequency
250	0
750	0
1250	0
1750	0.027149321267
2250	0.714932126697
2750	0.165158371041
3250	0
3750	0.00226244343891
4250	0.0339366515837
4750	0.0361990950226
5250	0.0203619909502
5750	0
6250	0
6750	0
7250	0
7750	0
8250	0
