vegetation	frequency
250	0
750	0
1250	0
1750	0.0478654592497
2250	0.702457956016
2750	0.0433376455369
3250	0
3750	0.00711513583441
4250	0.0899094437257
4750	0.109314359638
5250	0
5750	0
6250	0
6750	0
7250	0
7750	0
8250	0
