vegetation	frequency
250	0
750	0
1250	0
1750	0.218661639962
2250	0.433553251649
2750	0.167766258247
3250	0.0188501413761
3750	0.00942507068803
4250	0.132893496701
4750	0.0188501413761
5250	0
5750	0
6250	0
6750	0
7250	0
7750	0
8250	0
