vegetation	frequency
250	0.00574712643678
750	0.00574712643678
1250	0.14367816092
1750	0.183908045977
2250	0.270114942529
2750	0.189655172414
3250	0.0114942528736
3750	0.0747126436782
4250	0.0402298850575
4750	0.0459770114943
5250	0.0287356321839
5750	0
6250	0
6750	0
7250	0
7750	0
8250	0
