vegetation	frequency
250	0
750	0.0125
1250	0.00833333333333
1750	0.05
2250	0.491666666667
2750	0.129166666667
3250	0.125
3750	0
4250	0.166666666667
4750	0.0166666666667
5250	0
5750	0
6250	0
6750	0
7250	0
7750	0
8250	0
