vegetation	frequency
250	0
750	0
1250	0
1750	0.515015015015
2250	0.435435435435
2750	0.036036036036
3250	0.003003003003
3750	0.00750750750751
4250	0.003003003003
4750	0
5250	0
5750	0
6250	0
6750	0
7250	0
7750	0
8250	0
