vegetation	frequency
250	0.0277777777778
750	0.0694444444444
1250	0.12962962963
1750	0.393518518519
2250	0.375
2750	0.00462962962963
3250	0
3750	0
4250	0
4750	0
5250	0
5750	0
6250	0
6750	0
7250	0
7750	0
8250	0
