vegetation	frequency
250	0
750	0
1250	0
1750	0.581863979849
2250	0.219143576826
2750	0.00503778337531
3250	0.0327455919395
3750	0.0629722921914
4250	0.0654911838791
4750	0.0151133501259
5250	0.0176322418136
5750	0
6250	0
6750	0
7250	0
7750	0
8250	0
