vegetation	frequency
250	0.00995024875622
750	0.0348258706468
1250	0.298507462687
1750	0.283582089552
2250	0.293532338308
2750	0.0199004975124
3250	0.00995024875622
3750	0
4250	0.0398009950249
4750	0.00995024875622
5250	0
5750	0
6250	0
6750	0
7250	0
7750	0
8250	0
