vegetation	frequency
250	0
750	0
1250	0
1750	0.0142857142857
2250	0.532857142857
2750	0.332857142857
3250	0.0571428571429
3750	0.00571428571429
4250	0.0371428571429
4750	0.00571428571429
5250	0.0142857142857
5750	0
6250	0
6750	0
7250	0
7750	0
8250	0
