vegetation	frequency
250	0
750	0
1250	0
1750	0.641414141414
2250	0.144781144781
2750	0.00673400673401
3250	0.013468013468
3750	0.0538720538721
4250	0.0740740740741
4750	0.0521885521886
5250	0.013468013468
5750	0
6250	0
6750	0
7250	0
7750	0
8250	0
