vegetation	frequency
250	0
750	0.00538599640934
1250	0.0233393177738
1750	0.650807899461
2250	0.263016157989
2750	0.056552962298
3250	0.000897666068223
3750	0
4250	0
4750	0
5250	0
5750	0
6250	0
6750	0
7250	0
7750	0
8250	0
