vegetation	frequency
250	0
750	0
1250	0.00901713255185
1750	0.0441839495041
2250	0.494138863841
2750	0.249774571686
3250	0.0658250676285
3750	0.014427412083
4250	0.0405770964833
4750	0.0532010820559
5250	0.02434625789
5750	0.00180342651037
6250	0
6750	0.00270513976555
7250	0
7750	0
8250	0
