vegetation	frequency
250	0
750	0
1250	0
1750	0.418803418803
2250	0.458689458689
2750	0.0569800569801
3250	0.039886039886
3750	0.025641025641
4250	0
4750	0
5250	0
5750	0
6250	0
6750	0
7250	0
7750	0
8250	0
