vegetation	frequency
250	0
750	0
1250	0
1750	0.302063789869
2250	0.475609756098
2750	0.174484052533
3250	0.0131332082552
3750	0.0093808630394
4250	0.0234521575985
4750	0.00187617260788
5250	0
5750	0
6250	0
6750	0
7250	0
7750	0
8250	0
