vegetation	frequency
250	0
750	0
1250	0
1750	0.0858725761773
2250	0.67728531856
2750	0.0567867036011
3250	0
3750	0.0554016620499
4250	0.0817174515235
4750	0.0290858725762
5250	0.0138504155125
5750	0
6250	0
6750	0
7250	0
7750	0
8250	0
