vegetation	frequency
250	0
750	0.00784929356358
1250	0.043956043956
1750	0.16169544741
2250	0.549450549451
2750	0.0376766091052
3250	0.0769230769231
3750	0.0549450549451
4250	0.0361067503925
4750	0.0266875981162
5250	0.00470957613815
5750	0
6250	0
6750	0
7250	0
7750	0
8250	0
