vegetation	frequency
250	0
750	0
1250	0
1750	0.19298245614
2250	0.502923976608
2750	0.239766081871
3250	0.0643274853801
3750	0
4250	0
4750	0
5250	0
5750	0
6250	0
6750	0
7250	0
7750	0
8250	0
