vegetation	frequency
250	0
750	0
1250	0
1750	0.0381791483113
2250	0.587371512482
2750	0.234948604993
3250	0.102790014684
3750	0.0264317180617
4250	0.0102790014684
4750	0
5250	0
5750	0
6250	0
6750	0
7250	0
7750	0
8250	0
