vegetation	frequency
250	0
750	0
1250	0.00254971953085
1750	0.322794492606
2250	0.465068842427
2750	0.115247322794
3250	0.00152983171851
3750	0.00407955124936
4250	0.0331463539011
4750	0.050994390617
5250	0.00458949515553
5750	0
6250	0
6750	0
7250	0
7750	0
8250	0
