vegetation	frequency
250	0
750	0
1250	0
1750	0.0395683453237
2250	0.607913669065
2750	0.223021582734
3250	0.125899280576
3750	0.00359712230216
4250	0
4750	0
5250	0
5750	0
6250	0
6750	0
7250	0
7750	0
8250	0
