vegetation	frequency
250	0
750	0
1250	0
1750	0.110599078341
2250	0.400921658986
2750	0.179723502304
3250	0.0599078341014
3750	0.0552995391705
4250	0.0921658986175
4750	0.0506912442396
5250	0.00460829493088
5750	0
6250	0.0460829493088
6750	0
7250	0
7750	0
8250	0
