vegetation	frequency
250	0.0027027027027
750	0.00810810810811
1250	0.0513513513514
1750	0.189189189189
2250	0.575675675676
2750	0.0324324324324
3250	0.0162162162162
3750	0.0648648648649
4250	0.0459459459459
4750	0.0135135135135
5250	0
5750	0
6250	0
6750	0
7250	0
7750	0
8250	0
