vegetation	frequency
250	0.000769625448948
750	0
1250	0.0123140071832
1750	0.457157516675
2250	0.398152898923
2750	0.0330938943048
3250	0.0361723961006
3750	0.0477167778348
4250	0.00743971267317
4750	0.00667008722422
5250	0.000513083632632
5750	0
6250	0
6750	0
7250	0
7750	0
8250	0
