vegetation	frequency
250	0
750	0
1250	0
1750	0.155172413793
2250	0.451724137931
2750	0.148275862069
3250	0.110344827586
3750	0.106896551724
4250	0.0275862068966
4750	0
5250	0
5750	0
6250	0
6750	0
7250	0
7750	0
8250	0
