vegetation	frequency
250	0
750	0
1250	0
1750	0.0344827586207
2250	0.629310344828
2750	0.206896551724
3250	0.0775862068966
3750	0.051724137931
4250	0
4750	0
5250	0
5750	0
6250	0
6750	0
7250	0
7750	0
8250	0
