vegetation	frequency
250	0
750	0.00158227848101
1250	0.0174050632911
1750	0.530063291139
2250	0.262658227848
2750	0.158227848101
3250	0.0284810126582
3750	0.00158227848101
4250	0
4750	0
5250	0
5750	0
6250	0
6750	0
7250	0
7750	0
8250	0
