vegetation	frequency
250	0
750	0.0581613508443
1250	0.0712945590994
1750	0.129455909944
2250	0.405253283302
2750	0.176360225141
3250	0.00562851782364
3750	0.112570356473
4250	0.0356472795497
4750	0.00375234521576
5250	0.00187617260788
5750	0
6250	0
6750	0
7250	0
7750	0
8250	0
