vegetation	frequency
250	0
750	0
1250	0
1750	0.511392405063
2250	0.278481012658
2750	0.0303797468354
3250	0.0405063291139
3750	0.121518987342
4250	0.0177215189873
4750	0
5250	0
5750	0
6250	0
6750	0
7250	0
7750	0
8250	0
