vegetation	frequency
250	0.00153846153846
750	0.0323076923077
1250	0.155384615385
1750	0.347692307692
2250	0.392307692308
2750	0.0707692307692
3250	0
3750	0
4250	0
4750	0
5250	0
5750	0
6250	0
6750	0
7250	0
7750	0
8250	0
