vegetation	frequency
250	0
750	0
1250	0
1750	0.171218487395
2250	0.58718487395
2750	0.0756302521008
3250	0.0199579831933
3750	0.00945378151261
4250	0.0493697478992
4750	0.0346638655462
5250	0.0136554621849
5750	0.0336134453782
6250	0.00525210084034
6750	0
7250	0
7750	0
8250	0
