vegetation	frequency
250	0
750	0
1250	0
1750	0.0841248303935
2250	0.640434192673
2750	0.103120759837
3250	0.119402985075
3750	0.0271370420624
4250	0.0257801899593
4750	0
5250	0
5750	0
6250	0
6750	0
7250	0
7750	0
8250	0
