vegetation	frequency
250	0
750	0
1250	0
1750	0.20814479638
2250	0.552036199095
2750	0.180995475113
3250	0.0542986425339
3750	0.00452488687783
4250	0
4750	0
5250	0
5750	0
6250	0
6750	0
7250	0
7750	0
8250	0
