vegetation	frequency
250	0
750	0
1250	0
1750	0.223360655738
2250	0.625
2750	0.0245901639344
3250	0.0409836065574
3750	0.0348360655738
4250	0.0389344262295
4750	0.0122950819672
5250	0
5750	0
6250	0
6750	0
7250	0
7750	0
8250	0
