vegetation	frequency
250	0
750	0
1250	0
1750	0.661818181818
2250	0.109090909091
2750	0.0218181818182
3250	0.0181818181818
3750	0.0981818181818
4250	0.0381818181818
4750	0.0527272727273
5250	0
5750	0
6250	0
6750	0
7250	0
7750	0
8250	0
