vegetation	frequency
250	0
750	0
1250	0
1750	0.614754098361
2250	0.20218579235
2750	0.00273224043716
3250	0.0983606557377
3750	0.0491803278689
4250	0.0191256830601
4750	0.0136612021858
5250	0
5750	0
6250	0
6750	0
7250	0
7750	0
8250	0
