vegetation	frequency
250	0
750	0
1250	0
1750	0.551330798479
2250	0.254752851711
2750	0.074144486692
3250	0.0874524714829
3750	0.0304182509506
4250	0.00190114068441
4750	0
5250	0
5750	0
6250	0
6750	0
7250	0
7750	0
8250	0
