vegetation	frequency
250	0
750	0
1250	0
1750	0.425531914894
2250	0.404255319149
2750	0.063829787234
3250	0
3750	0.0255319148936
4250	0.0553191489362
4750	0.0255319148936
5250	0
5750	0
6250	0
6750	0
7250	0
7750	0
8250	0
