vegetation	frequency
250	0
750	0
1250	0
1750	0.153846153846
2250	0.487179487179
2750	0.102564102564
3250	0
3750	0.102564102564
4250	0.153846153846
4750	0
5250	0
5750	0
6250	0
6750	0
7250	0
7750	0
8250	0
