vegetation	frequency
250	0
750	0
1250	0
1750	0.153203342618
2250	0.616527390901
2750	0.0371402042711
3250	0.00185701021356
3750	0.0102135561746
4250	0.121634168988
4750	0.0371402042711
5250	0.0213556174559
5750	0.000928505106778
6250	0
6750	0
7250	0
7750	0
8250	0
