vegetation	frequency
250	0
750	0.00237529691211
1250	0
1750	0.182897862233
2250	0.508313539192
2750	0.0380047505938
3250	0.00712589073634
3750	0.12351543943
4250	0.13539192399
4750	0.00237529691211
5250	0
5750	0
6250	0
6750	0
7250	0
7750	0
8250	0
