vegetation	frequency
250	0
750	0
1250	0
1750	0.056768558952
2250	0.57423580786
2750	0.137554585153
3250	0.028384279476
3750	0.113537117904
4250	0.089519650655
4750	0
5250	0
5750	0
6250	0
6750	0
7250	0
7750	0
8250	0
