vegetation	frequency
250	0
750	0
1250	0
1750	0.333333333333
2250	0.476885644769
2750	0.0875912408759
3250	0.0681265206813
3750	0.0316301703163
4250	0.00243309002433
4750	0
5250	0
5750	0
6250	0
6750	0
7250	0
7750	0
8250	0
