vegetation	frequency
250	0
750	0
1250	0.00398406374502
1750	0.617529880478
2250	0.370517928287
2750	0.0066401062417
3250	0
3750	0
4250	0.00132802124834
4750	0
5250	0
5750	0
6250	0
6750	0
7250	0
7750	0
8250	0
