vegetation	frequency
250	0
750	0
1250	0
1750	0.529761904762
2250	0.301587301587
2750	0.0376984126984
3250	0.00396825396825
3750	0.00396825396825
4250	0.0753968253968
4750	0.0376984126984
5250	0.00992063492063
5750	0
6250	0
6750	0
7250	0
7750	0
8250	0
