vegetation	frequency
250	0
750	0
1250	0
1750	0.495495495495
2250	0.245045045045
2750	0.0198198198198
3250	0
3750	0.0234234234234
4250	0.104504504505
4750	0.108108108108
5250	0.0036036036036
5750	0
6250	0
6750	0
7250	0
7750	0
8250	0
